,parameters,mean,50q
0,v(Neutral),0.5247204016358432,0.34099927931515256
1,v(Stressed),0.646520827580936,0.4666726876915695
2,v_std,0.40398396791415525,0.3061221235025161
3,v_subj(Neutral).1001,0.4705218037107926,0.3307567204159083
4,v_subj(Neutral).1002,0.049605843942064194,-0.06609190102154447
5,v_subj(Neutral).1003,-0.06962158284456463,-0.16163644442707054
6,v_subj(Neutral).1004,0.4862083858754815,0.32009816410101705
7,v_subj(Neutral).1005,0.18253604578884286,0.039139880405393984
8,v_subj(Neutral).1006,0.4910997542785164,0.31087753903714893
9,v_subj(Neutral).1007,0.7573327266120686,0.5580776836051589
10,v_subj(Neutral).1009,0.5403218604221653,0.3299663994365
11,v_subj(Neutral).1011,0.3238941807622453,0.1973719086382003
12,v_subj(Neutral).1012,0.22339853642833354,0.09898385291193734
13,v_subj(Neutral).1013,0.6979088964471809,0.5552230999072868
14,v_subj(Neutral).1015,0.47995003269880726,0.37242915794066134
15,v_subj(Neutral).1017,0.5372700182437419,0.4309730352980736
16,v_subj(Neutral).1018,0.3619736422421644,0.23917028929975082
17,v_subj(Neutral).1019,0.4730622138338098,0.3134686159078703
18,v_subj(Neutral).1020,0.8518216638579378,0.6686733132204951
19,v_subj(Neutral).1021,0.6202310915616461,0.479970218859037
20,v_subj(Neutral).1022,0.6143506220565768,0.4659319406441252
21,v_subj(Neutral).1023,0.4132678638066898,0.24252416008727806
22,v_subj(Neutral).1024,0.5446049379910968,0.4228631826719059
23,v_subj(Neutral).1025,0.5109682712754531,0.37622805705390816
24,v_subj(Neutral).1026,-0.1271117205590937,-0.17427249758454524
25,v_subj(Neutral).1027,0.897011207861765,0.7365768344197547
26,v_subj(Neutral).1028,0.17318414568544996,0.03675663091565917
27,v_subj(Neutral).1030,0.6209040581370208,0.5107833316494668
28,v_subj(Neutral).1031,0.629089703031425,0.4772355151488751
29,v_subj(Neutral).1032,0.8686704950384476,0.6308209477793034
30,v_subj(Neutral).1033,0.3372673015279447,0.2053716524795124
31,v_subj(Neutral).1034,0.38198732575633504,0.25621516708603775
32,v_subj(Neutral).1035,0.18376168039601726,0.0407640357724252
33,v_subj(Neutral).1036,0.9628508747633295,0.7832304656646286
34,v_subj(Neutral).1038,0.8175065928741151,0.6858864325535752
35,v_subj(Neutral).1040,0.6394104162030049,0.5271427164776474
36,v_subj(Neutral).1042,0.4870685000903049,0.38224989344386273
37,v_subj(Neutral).1043,0.7204797553571758,0.5928369182084265
38,v_subj(Neutral).1044,0.4210271527906037,0.28573068636989274
39,v_subj(Neutral).1047,0.5021956452114955,0.245403583578214
40,v_subj(Neutral).1048,0.22062562939845862,0.1084008263735442
41,v_subj(Neutral).1050,0.3886519166737656,0.2745497300880052
42,v_subj(Neutral).1051,0.19079179527618492,0.01619108932502017
43,v_subj(Neutral).1052,0.34755670138840494,0.20692277218843164
44,v_subj(Neutral).1053,0.45161983645471626,0.3271149906344626
45,v_subj(Neutral).1054,0.26250761533619166,0.10822547386366249
46,v_subj(Neutral).1056,0.30331168417438914,0.16656735525648214
47,v_subj(Neutral).1057,0.346926807305421,0.22201377412894452
48,v_subj(Neutral).1058,0.8385292528118767,0.5686589565112773
49,v_subj(Neutral).1060,0.34991632110303106,0.24637582832613436
50,v_subj(Neutral).1061,0.5601975390549094,0.45160430399227836
51,v_subj(Neutral).1063,0.6214677169920835,0.42704166799371024
52,v_subj(Neutral).1065,0.11872666847981807,-0.0017570451884191263
53,v_subj(Neutral).1066,0.7337476676408872,0.6088437070868219
54,v_subj(Neutral).1067,0.3520643539042612,0.21648638020590394
55,v_subj(Neutral).1069,0.9704697623554344,0.8206853620771678
56,v_subj(Neutral).1070,0.723362897791502,0.609694799863759
57,v_subj(Neutral).1071,0.7016413207341272,0.5634136974061701
58,v_subj(Neutral).1072,0.3755615781819744,0.2850283929899332
59,v_subj(Neutral).1073,0.29438494718570274,0.15307521927836676
60,v_subj(Neutral).1074,0.24928376604974967,0.1355969829238156
61,v_subj(Neutral).1076,0.6075961859079978,0.4515408449526205
62,v_subj(Neutral).1077,0.6884991687135001,0.5340912350572642
63,v_subj(Neutral).1078,0.934054546669375,0.7503580033448505
64,v_subj(Neutral).1079,0.7792651996538996,0.6003788180418522
65,v_subj(Neutral).1080,0.39290344335478117,0.2786123112203214
66,v_subj(Neutral).1081,0.19870109788593449,0.022640060827160108
67,v_subj(Neutral).1083,0.5792719997204344,0.46883598443396246
68,v_subj(Neutral).1084,0.7188152714114667,0.5854234635872505
69,v_subj(Neutral).1087,0.7507004227818789,0.6096854197212764
70,v_subj(Neutral).1088,0.27829861135284145,0.1380254804269867
71,v_subj(Neutral).1091,0.6059025824912603,0.4970892742730779
72,v_subj(Neutral).1092,0.7628193598975072,0.6204942126697001
73,v_subj(Neutral).1093,0.6765402898329648,0.5720945400419033
74,v_subj(Neutral).1096,0.05300335800564589,-0.11632800588996023
75,v_subj(Neutral).1097,0.5575121424820403,0.41741748902802844
76,v_subj(Neutral).1099,0.47663217360301285,0.3931083602291787
77,v_subj(Neutral).1100,0.4426452627680738,0.27119776162295905
78,v_subj(Neutral).1101,0.27140708166849903,0.13020594465263036
79,v_subj(Neutral).1102,0.40325925408683316,0.26852302612719203
80,v_subj(Neutral).1104,0.7358481809443314,0.5909716511638416
81,v_subj(Neutral).1106,0.7689218273138634,0.6643504597507058
82,v_subj(Neutral).1107,0.7797911773330237,0.6341843572655617
83,v_subj(Neutral).1109,0.8777738244490377,0.7425213833591403
84,v_subj(Neutral).1110,0.8888931190873935,0.7395241324020698
85,v_subj(Neutral).1112,0.5621435877777805,0.4230349116235803
86,v_subj(Neutral).1114,-0.09766902001716365,-0.1681279578862972
87,v_subj(Neutral).1115,0.8760611166439976,0.7129847499556584
88,v_subj(Neutral).1119,0.9863045745142942,0.8167560905748732
89,v_subj(Neutral).1123,0.4882619377273096,0.38294412471798533
90,v_subj(Neutral).1124,0.4808471099065487,0.3419287367287054
91,v_subj(Neutral).1125,0.32949467541495303,0.18943480970456905
92,v_subj(Neutral).1128,0.14994105065650043,-0.0017944180540017673
93,v_subj(Neutral).1129,-0.8684567076577856,-0.7852551020384277
94,v_subj(Neutral).1130,0.3831794869270396,0.2650308222167307
95,v_subj(Neutral).1141,0.6466409421089861,0.46458435330238146
96,v_subj(Neutral).1143,0.7275171236442046,0.60583236800245
97,v_subj(Neutral).1144,0.03957341199637652,-0.05840772759827373
98,v_subj(Neutral).1145,0.5507055927902453,0.41737930918221855
99,v_subj(Neutral).1147,0.6724231506588132,0.531120028835558
100,v_subj(Neutral).1148,0.4251902648751334,0.315394756638867
101,v_subj(Neutral).1149,0.45129974272487927,0.29891351196645766
102,v_subj(Neutral).1151,0.5778210598277748,0.451042303924473
103,v_subj(Neutral).1153,0.7336087667011455,0.5879305493729188
104,v_subj(Neutral).1155,0.6686753771300636,0.5375403197851447
105,v_subj(Neutral).1157,0.34417235114675215,0.22823233253762132
106,v_subj(Neutral).1158,0.46349376174187196,0.33856309189809486
107,v_subj(Neutral).1159,0.8771251034710154,0.6730056430833882
108,v_subj(Neutral).1160,0.4160979977006787,0.3004908986289816
109,v_subj(Neutral).1161,0.8113696962898957,0.6538744722519809
110,v_subj(Neutral).1162,0.5735951103533682,0.4339540075670268
111,v_subj(Neutral).1163,0.450083770469473,0.3135982619960063
112,v_subj(Neutral).1164,0.7308872180549166,0.5807879315666238
113,v_subj(Neutral).1166,0.5250984425827075,0.3763065224508934
114,v_subj(Neutral).1168,0.45575344423408165,0.34451493461111105
115,v_subj(Neutral).1169,0.591153993025015,0.4478189636335632
116,v_subj(Neutral).1172,0.14076016141400005,-0.01690109351506397
117,v_subj(Neutral).1173,0.5307993512882316,0.37785302901802253
118,v_subj(Neutral).1174,0.6285845168449523,0.47027367712470663
119,v_subj(Neutral).1175,0.7926217841931592,0.5679697790966867
120,v_subj(Neutral).1180,0.6031748707367564,0.4390752255567335
121,v_subj(Neutral).1184,0.8849581083072586,0.6969797352149794
122,v_subj(Neutral).1188,0.8319243101340529,0.6738273762431763
123,v_subj(Neutral).1190,0.26920603569269214,0.1431227228527877
124,v_subj(Neutral).1197,0.8225350995346142,0.6770461571623871
125,v_subj(Neutral).1199,0.7398497397643681,0.5773402548676771
126,v_subj(Neutral).1200,0.8387532790866797,0.7025299664708631
127,v_subj(Neutral).1201,0.8096495106978603,0.6410241608904245
128,v_subj(Neutral).1202,0.43955733857574325,0.29938343462593475
129,v_subj(Neutral).1203,0.6754722618060702,0.45900459377128955
130,v_subj(Neutral).1204,0.14642965541596092,-0.005723823282580587
131,v_subj(Neutral).1205,0.9153812433525248,0.6869771200509174
132,v_subj(Neutral).1206,0.6077180227815435,0.45464618309176247
133,v_subj(Neutral).1207,0.43174882876517834,0.29046725837765297
134,v_subj(Neutral).1208,0.11980184831657748,-0.004317893933427852
135,v_subj(Neutral).1214,0.7438459629858818,0.6181801936818939
136,v_subj(Neutral).1217,0.10407689682597682,-0.038755694796815954
137,v_subj(Neutral).1218,0.6190783944237458,0.4977543003226834
138,v_subj(Neutral).1219,0.41927326464131237,0.2402224066644303
139,v_subj(Neutral).1220,0.6730878396140589,0.48457279695567457
140,v_subj(Neutral).1222,0.46805305123102586,0.3249530260894418
141,v_subj(Neutral).1223,0.8233118487773662,0.6690576857716908
142,v_subj(Neutral).1224,0.43752471953936156,0.3433300593089247
143,v_subj(Neutral).1225,0.8208480772279774,0.6468207231792288
144,v_subj(Neutral).1226,0.7422014409776727,0.5833333389711499
145,v_subj(Neutral).1227,0.5995558507616525,0.47967999888160034
146,v_subj(Neutral).1228,0.5659386585543613,0.4340005549749999
147,v_subj(Neutral).1229,0.6712906405711947,0.50384871966065
148,v_subj(Neutral).1230,0.3536029864673767,0.20352130382122707
149,v_subj(Neutral).1231,0.6887870715942693,0.5112402864027009
150,v_subj(Neutral).1232,0.36367318831759515,0.23086144373900175
151,v_subj(Neutral).1237,0.8588692920984691,0.6804181112354925
152,v_subj(Neutral).1243,0.7456419798132877,0.6376220071564327
153,v_subj(Neutral).1247,0.33027668689139655,0.18791200101283545
154,v_subj(Neutral).1249,0.7746628868639538,0.6442491928076092
155,v_subj(Stressed).1002,0.8542565370415669,0.6986273974211583
156,v_subj(Stressed).1003,0.6773708594415287,0.5648864572685569
157,v_subj(Stressed).1004,0.9397260455628406,0.7823761474262326
158,v_subj(Stressed).1005,0.3175421340397051,0.21503698570727608
159,v_subj(Stressed).1006,0.8331330483133264,0.7078472966804554
160,v_subj(Stressed).1007,0.6979998480474467,0.5237989468042755
161,v_subj(Stressed).1009,0.740001750876862,0.5923748564085048
162,v_subj(Stressed).1011,0.12138069067476942,0.030441270428788414
163,v_subj(Stressed).1012,0.626918699062596,0.5197331621222792
164,v_subj(Stressed).1013,0.8985668805219406,0.7526523632221247
165,v_subj(Stressed).1015,-0.08065748174196254,-0.12486340029190979
166,v_subj(Stressed).1017,0.030095371991656406,-0.05108933098316046
167,v_subj(Stressed).1018,0.8897177774041948,0.7468792855605043
168,v_subj(Stressed).1019,0.20710275237773862,0.06071497489763067
169,v_subj(Stressed).1020,0.8262814040811628,0.7097910917471928
170,v_subj(Stressed).1021,0.9509967954433103,0.8061634741982397
171,v_subj(Stressed).1022,1.0178823864126523,0.852393200879505
172,v_subj(Stressed).1023,0.6999002415082778,0.5918886284357354
173,v_subj(Stressed).1024,0.41051679137715724,0.3282579051334988
174,v_subj(Stressed).1025,0.4971837409017216,0.3835347105821387
175,v_subj(Stressed).1026,0.1365458156605382,0.049631420325885856
176,v_subj(Stressed).1027,1.024428585384601,0.8186462143742594
177,v_subj(Stressed).1028,0.5452872895530634,0.38794285775577514
178,v_subj(Stressed).1030,0.7702737029820801,0.6222110004336698
179,v_subj(Stressed).1031,0.5699444278747244,0.4331857589402958
180,v_subj(Stressed).1032,0.9255759943548915,0.7563155171053504
181,v_subj(Stressed).1033,0.1426362799916822,0.05423680664304653
182,v_subj(Stressed).1034,0.8452036827757872,0.7212985550820024
183,v_subj(Stressed).1035,0.4549212935229654,0.35022141288624953
184,v_subj(Stressed).1036,0.7240009478887468,0.589551066401754
185,v_subj(Stressed).1040,0.6224718722024414,0.5012786977708961
186,v_subj(Stressed).1042,0.24410566169238881,0.10561579299640134
187,v_subj(Stressed).1043,0.7718597888049213,0.5789941458669643
188,v_subj(Stressed).1044,0.7219823472282266,0.6040022418731303
189,v_subj(Stressed).1047,0.803250589572547,0.6499769195162972
190,v_subj(Stressed).1048,0.2357102164212056,0.10336604945370303
191,v_subj(Stressed).1049,0.29503841246013834,0.23663511733485376
192,v_subj(Stressed).1050,0.5338410535373843,0.41793634467414453
193,v_subj(Stressed).1051,0.6272741082787855,0.42075715206338316
194,v_subj(Stressed).1052,0.07229209745402958,0.015018530237601135
195,v_subj(Stressed).1053,1.2598913376133283,1.0227788912252267
196,v_subj(Stressed).1054,0.6113122701260106,0.5057655114645623
197,v_subj(Stressed).1056,1.0383319777107216,0.875794058294896
198,v_subj(Stressed).1057,0.768153151887108,0.6367204060077932
199,v_subj(Stressed).1058,0.5347188525812159,0.43236710095950154
200,v_subj(Stressed).1061,0.47609724287118055,0.3258735165217074
201,v_subj(Stressed).1063,1.099628313768793,0.8990733889715504
202,v_subj(Stressed).1065,0.15802909437109258,0.05313683813949144
203,v_subj(Stressed).1066,0.6773215101631805,0.5494464563079711
204,v_subj(Stressed).1067,0.7716193225398252,0.6627564673650319
205,v_subj(Stressed).1069,0.7320518124698774,0.5056026984475966
206,v_subj(Stressed).1070,0.6977777809438385,0.5661266380346286
207,v_subj(Stressed).1071,0.5832811354850462,0.41643122894201273
208,v_subj(Stressed).1072,0.6300398573256852,0.522740840505019
209,v_subj(Stressed).1073,0.4212782572406884,0.30520968152131833
210,v_subj(Stressed).1074,0.8104165136551853,0.6717009005670408
211,v_subj(Stressed).1076,0.8202962459615022,0.6765420609554395
212,v_subj(Stressed).1077,0.7024252922190604,0.5938747486290907
213,v_subj(Stressed).1078,0.8020434056939818,0.6731803940861492
214,v_subj(Stressed).1079,0.4976478311225153,0.3640619821147271
215,v_subj(Stressed).1080,0.775329765870724,0.6457765634396109
216,v_subj(Stressed).1081,0.5841192122163263,0.41946879239809404
217,v_subj(Stressed).1083,0.8025638647892056,0.5618505114713146
218,v_subj(Stressed).1084,0.6344839901294642,0.4019542867085283
219,v_subj(Stressed).1087,0.5687873626085416,0.4725809901934197
220,v_subj(Stressed).1088,0.6751330203627811,0.4811690810816286
221,v_subj(Stressed).1091,0.6130083896979072,0.4897467859932353
222,v_subj(Stressed).1092,0.673202822428381,0.5693598064666852
223,v_subj(Stressed).1093,0.7309558316472693,0.6001653108807017
224,v_subj(Stressed).1096,-0.3388280280578588,-0.3052719781607434
225,v_subj(Stressed).1097,0.6366969725788424,0.5268168307359241
226,v_subj(Stressed).1099,0.3443963443681309,0.21211645825227265
227,v_subj(Stressed).1100,0.7069909653685721,0.5752728110383636
228,v_subj(Stressed).1101,0.43218543324703673,0.32197382081290804
229,v_subj(Stressed).1102,0.7848979735366294,0.6592837129233303
230,v_subj(Stressed).1104,0.7755483972446633,0.6014236761926361
231,v_subj(Stressed).1106,0.4325865456333895,0.34102410612267586
232,v_subj(Stressed).1107,0.9690629903590403,0.8033242464247004
233,v_subj(Stressed).1109,0.36352672598107755,0.23241287795937632
234,v_subj(Stressed).1110,1.018950995999304,0.8445081231958345
235,v_subj(Stressed).1112,0.7309439974874766,0.6273461431729258
236,v_subj(Stressed).1114,0.29511859954216507,0.20961721782565093
237,v_subj(Stressed).1115,0.6196048704659506,0.5186843397009528
238,v_subj(Stressed).1119,0.991194829673118,0.7883674873433857
239,v_subj(Stressed).1123,0.7835312974056763,0.670741948774292
240,v_subj(Stressed).1124,0.8599735795696191,0.7163669237243213
241,v_subj(Stressed).1125,0.21963803082720304,0.08966200359266896
242,v_subj(Stressed).1128,0.9143702540506342,0.7420034381836209
243,v_subj(Stressed).1130,0.7843965332672928,0.6300344660975528
244,v_subj(Stressed).1141,0.7487282790850058,0.6201105967764453
245,v_subj(Stressed).1143,0.45355277375357067,0.3265911482380722
246,v_subj(Stressed).1144,0.14062182251576977,0.02616103958428495
247,v_subj(Stressed).1145,0.6456479819852636,0.5353446315094538
248,v_subj(Stressed).1147,0.7879514672060045,0.6691892955881258
249,v_subj(Stressed).1148,0.25153953554804004,0.13837476245776653
250,v_subj(Stressed).1149,1.1471526028792323,0.9482440286748115
251,v_subj(Stressed).1151,0.9983440471981962,0.8484259274344543
252,v_subj(Stressed).1153,0.9836777771598715,0.8035643338453988
253,v_subj(Stressed).1155,0.5854381351338653,0.4737725093333438
254,v_subj(Stressed).1157,0.6408966833526057,0.5225072160961456
255,v_subj(Stressed).1158,0.7053952183452781,0.5952520733130912
256,v_subj(Stressed).1159,0.4955495361141716,0.38456942000346783
257,v_subj(Stressed).1160,0.5211332777704045,0.4102015614348571
258,v_subj(Stressed).1161,0.6679212315505555,0.5538039190479189
259,v_subj(Stressed).1162,0.7484867307086828,0.6262316625184203
260,v_subj(Stressed).1163,0.33653720112674007,0.2157220529117584
261,v_subj(Stressed).1164,0.4132626294875353,0.29238994674959884
262,v_subj(Stressed).1166,0.7096911926376476,0.5810659605476916
263,v_subj(Stressed).1168,0.5840307256449258,0.4580099360241623
264,v_subj(Stressed).1169,1.1240737247131076,0.9295149111049059
265,v_subj(Stressed).1172,1.1030796581945352,0.8626515384945639
266,v_subj(Stressed).1173,0.8526673997901753,0.6997644947275281
267,v_subj(Stressed).1174,0.8572424590701937,0.7255219282042285
268,v_subj(Stressed).1175,0.41179034594754677,0.2960316063587314
269,v_subj(Stressed).1180,0.7822676443295168,0.6505396004388122
270,v_subj(Stressed).1184,1.1136729017852742,0.836627407834163
271,v_subj(Stressed).1188,0.2562941561269434,0.1095864889176339
272,v_subj(Stressed).1190,0.3036498167524061,0.2117922127587748
273,v_subj(Stressed).1197,0.07670915285028837,0.02044562239292369
274,v_subj(Stressed).1199,0.2746633875525354,0.14759030558901887
275,v_subj(Stressed).1200,1.0979765708401514,0.8979312132175352
276,v_subj(Stressed).1201,0.8007968473012559,0.6551843336061314
277,v_subj(Stressed).1202,0.6668670707379173,0.5238539830619112
278,v_subj(Stressed).1203,0.5096190582509521,0.31527586828961557
279,v_subj(Stressed).1204,0.6419671467336242,0.537361950439496
280,v_subj(Stressed).1205,1.0052876143509164,0.8372339326382363
281,v_subj(Stressed).1206,0.881498931577568,0.7382637448887861
282,v_subj(Stressed).1207,0.6544344901998471,0.5461186349193445
283,v_subj(Stressed).1208,0.535552944419503,0.433658053249109
284,v_subj(Stressed).1214,0.7446595227115207,0.5891739041697983
285,v_subj(Stressed).1217,0.3019473038749339,0.19487261033073291
286,v_subj(Stressed).1218,0.758979216384215,0.6286106837629298
287,v_subj(Stressed).1219,0.8400958564043772,0.6964058727173088
288,v_subj(Stressed).1220,0.9465050506009088,0.7653813462286193
289,v_subj(Stressed).1222,1.1036130798824995,0.839292985240864
290,v_subj(Stressed).1223,0.7001800834115379,0.5739933778523572
291,v_subj(Stressed).1224,0.6323383451000428,0.49664306939509484
292,v_subj(Stressed).1225,0.39380335914313597,0.2928140620649968
293,v_subj(Stressed).1226,0.867423333132397,0.72615748641358
294,v_subj(Stressed).1227,0.870884355926289,0.727135467951732
295,v_subj(Stressed).1228,0.7381771523384738,0.5259607774129962
296,v_subj(Stressed).1229,0.6000680508229094,0.4992381445081455
297,v_subj(Stressed).1230,0.648851342886102,0.5092131763222068
298,v_subj(Stressed).1231,1.0163695135698696,0.8402224602443693
299,v_subj(Stressed).1232,0.7641166292559644,0.6252879971913987
300,v_subj(Stressed).1237,0.7441032698001694,0.6471958867482683
301,v_subj(Stressed).1243,0.5938140741630652,0.4767397051267237
302,v_subj(Stressed).1247,-0.11479547171512629,-0.15258759245746245
303,v_subj(Stressed).1249,1.016190616496554,0.8244442512577739
304,alpha(Neutral),0.6262381770201662,0.9650733240848792
305,alpha(Stressed),0.6349573792829045,0.9659993717500701
306,alpha_std,0.7634587293939431,0.6960891894036342
307,alpha_subj(Neutral).1001,0.6128571679269649,0.9474151280820645
308,alpha_subj(Neutral).1002,0.615933783923934,0.9514234852273915
309,alpha_subj(Neutral).1003,0.624897407004729,0.94948706372163
310,alpha_subj(Neutral).1004,0.614194985387363,0.9515836621390977
311,alpha_subj(Neutral).1005,0.6074293147840644,0.9447775634315237
312,alpha_subj(Neutral).1006,0.6076507348201873,0.9510189143182726
313,alpha_subj(Neutral).1007,0.6238530277960022,0.9498696029578854
314,alpha_subj(Neutral).1009,0.6040884156899003,0.9427655139682114
315,alpha_subj(Neutral).1011,0.6215710149394569,0.9514955297433977
316,alpha_subj(Neutral).1012,0.6226380765208721,0.9518191629083094
317,alpha_subj(Neutral).1013,0.6432656291694561,0.9542902838651531
318,alpha_subj(Neutral).1015,0.61554274635944,0.9426738310318985
319,alpha_subj(Neutral).1017,0.6283966907683732,0.9494504262509883
320,alpha_subj(Neutral).1018,0.620282816198498,0.9496982176032118
321,alpha_subj(Neutral).1019,0.6219478627745554,0.9441713048296688
322,alpha_subj(Neutral).1020,0.6281539522876024,0.9504861773121814
323,alpha_subj(Neutral).1021,0.6111947438896506,0.9478240759523662
324,alpha_subj(Neutral).1022,0.620279488703791,0.9517963609178263
325,alpha_subj(Neutral).1023,0.6069057996195731,0.9430114991324161
326,alpha_subj(Neutral).1024,0.6241462954558631,0.9492215126419321
327,alpha_subj(Neutral).1025,0.6197252732680151,0.9493489354729149
328,alpha_subj(Neutral).1026,0.6258427813922989,0.9512152082803725
329,alpha_subj(Neutral).1027,0.6593354581484364,0.952491019786632
330,alpha_subj(Neutral).1028,0.6110786118411334,0.9462096738564276
331,alpha_subj(Neutral).1030,0.6315295707021445,0.9514874108803225
332,alpha_subj(Neutral).1031,0.6092585172161448,0.9443022660544333
333,alpha_subj(Neutral).1032,0.6287875266623291,0.951034014526847
334,alpha_subj(Neutral).1033,0.6237265560109593,0.953082870448105
335,alpha_subj(Neutral).1034,0.6081300173122236,0.9459524737314635
336,alpha_subj(Neutral).1035,0.6108232881531956,0.9470720182553131
337,alpha_subj(Neutral).1036,0.6411771870514711,0.9512856382275028
338,alpha_subj(Neutral).1038,0.6404553101093817,0.9484618464254115
339,alpha_subj(Neutral).1040,0.6331897637732751,0.9496855355531704
340,alpha_subj(Neutral).1042,0.6157766492626661,0.9466343777036282
341,alpha_subj(Neutral).1043,0.6264674562077628,0.9437313411710679
342,alpha_subj(Neutral).1044,0.6266070849422343,0.9520364868728723
343,alpha_subj(Neutral).1047,0.5934123230762962,0.9484099756495241
344,alpha_subj(Neutral).1048,0.6108319038154499,0.9488007996173433
345,alpha_subj(Neutral).1050,0.6222638907133597,0.9467567075175148
346,alpha_subj(Neutral).1051,0.6111386531403817,0.9479260588606265
347,alpha_subj(Neutral).1052,0.6240246068967525,0.9528307191771469
348,alpha_subj(Neutral).1053,0.627259404182565,0.9506422497783726
349,alpha_subj(Neutral).1054,0.6235849227504994,0.9501442644326913
350,alpha_subj(Neutral).1056,0.6231208946943761,0.9480412139246216
351,alpha_subj(Neutral).1057,0.6135649341940849,0.9492534222324615
352,alpha_subj(Neutral).1058,0.6242948112924805,0.9500309755028912
353,alpha_subj(Neutral).1060,0.6140335906531688,0.9484851165000584
354,alpha_subj(Neutral).1061,0.6348492151855933,0.9527378068356106
355,alpha_subj(Neutral).1063,0.6062672599300569,0.9453383311471559
356,alpha_subj(Neutral).1065,0.6108386572795331,0.9478835746625011
357,alpha_subj(Neutral).1066,0.629782282291238,0.9473339069549205
358,alpha_subj(Neutral).1067,0.6167240412550137,0.9487642691212866
359,alpha_subj(Neutral).1069,0.6656182050145646,0.9542039723447436
360,alpha_subj(Neutral).1070,0.6430446750498351,0.9545470333420764
361,alpha_subj(Neutral).1071,0.6212079215704399,0.9496725914075155
362,alpha_subj(Neutral).1072,0.6054655184922102,0.9504251524067803
363,alpha_subj(Neutral).1073,0.6185618625936395,0.948105555613943
364,alpha_subj(Neutral).1074,0.6176031697579399,0.9480091849146138
365,alpha_subj(Neutral).1076,0.6157143944980267,0.9482810874492117
366,alpha_subj(Neutral).1077,0.6254125982256261,0.9458724988276292
367,alpha_subj(Neutral).1078,0.646554223574087,0.9543576861789085
368,alpha_subj(Neutral).1079,0.6305139168603203,0.9502262481957264
369,alpha_subj(Neutral).1080,0.6235565013688595,0.9460623339523041
370,alpha_subj(Neutral).1081,0.5974954011939705,0.9466123637404225
371,alpha_subj(Neutral).1083,0.6295954446625599,0.948091194961237
372,alpha_subj(Neutral).1084,0.6372896768871951,0.9495995038218403
373,alpha_subj(Neutral).1087,0.629688881818101,0.9465672072585362
374,alpha_subj(Neutral).1088,0.6078527058099945,0.9472368108288713
375,alpha_subj(Neutral).1091,0.6409151761178965,0.9556674416451845
376,alpha_subj(Neutral).1092,0.6257779964266117,0.9461144900302907
377,alpha_subj(Neutral).1093,0.6268034769701298,0.9484705115455795
378,alpha_subj(Neutral).1096,0.6244203455076696,0.9474739364664083
379,alpha_subj(Neutral).1097,0.6257570812547361,0.9523614422146969
380,alpha_subj(Neutral).1099,0.6171481905081833,0.9462435987302178
381,alpha_subj(Neutral).1100,0.605665713334254,0.9447576382269862
382,alpha_subj(Neutral).1101,0.6195464802229085,0.9478864549967798
383,alpha_subj(Neutral).1102,0.6248862601818832,0.9520923160928183
384,alpha_subj(Neutral).1104,0.6300793142523927,0.9493230656550362
385,alpha_subj(Neutral).1106,0.6544691710386831,0.9561226512008626
386,alpha_subj(Neutral).1107,0.6367550003893904,0.953472944219239
387,alpha_subj(Neutral).1109,0.6618568200131532,0.9502705035817914
388,alpha_subj(Neutral).1110,0.6512720415321899,0.9529340088128532
389,alpha_subj(Neutral).1112,0.6133532307661824,0.9451149182778612
390,alpha_subj(Neutral).1114,0.6331165034181604,0.9478975344979355
391,alpha_subj(Neutral).1115,0.6498119477914466,0.9496457877533168
392,alpha_subj(Neutral).1119,0.643133253879479,0.9514474752873788
393,alpha_subj(Neutral).1123,0.6249500338430913,0.947180761175737
394,alpha_subj(Neutral).1124,0.6101775108007783,0.9513473738860225
395,alpha_subj(Neutral).1125,0.6114152403215316,0.9471378716534905
396,alpha_subj(Neutral).1128,0.5982605968028232,0.947154082292495
397,alpha_subj(Neutral).1129,0.6943511266841549,0.9538330861387113
398,alpha_subj(Neutral).1130,0.6230288605422679,0.9510888200057906
399,alpha_subj(Neutral).1141,0.6091999712175908,0.9464512369475035
400,alpha_subj(Neutral).1143,0.6285578615807762,0.9542568533646952
401,alpha_subj(Neutral).1144,0.6102137677267311,0.950459026043382
402,alpha_subj(Neutral).1145,0.6343017567578918,0.9502963581202208
403,alpha_subj(Neutral).1147,0.6283452977092169,0.9546615164637265
404,alpha_subj(Neutral).1148,0.620757835730726,0.949372534626846
405,alpha_subj(Neutral).1149,0.6240661696712148,0.947899913167562
406,alpha_subj(Neutral).1151,0.6268620271907569,0.9503140209981203
407,alpha_subj(Neutral).1153,0.6246977615646161,0.9459325149685966
408,alpha_subj(Neutral).1155,0.6332062972571718,0.9504445094925985
409,alpha_subj(Neutral).1157,0.6230493892228158,0.9562939999641474
410,alpha_subj(Neutral).1158,0.6220516678563316,0.9498993230846521
411,alpha_subj(Neutral).1159,0.6340996676457895,0.9516162345641457
412,alpha_subj(Neutral).1160,0.620109176333129,0.9471958886509269
413,alpha_subj(Neutral).1161,0.6246407301675623,0.947200276159706
414,alpha_subj(Neutral).1162,0.6198751933307217,0.944704523123297
415,alpha_subj(Neutral).1163,0.6294588842884381,0.9527537389168991
416,alpha_subj(Neutral).1164,0.6277623602823723,0.9490539404327756
417,alpha_subj(Neutral).1166,0.6225109579325758,0.9497324812495577
418,alpha_subj(Neutral).1168,0.6124788476532451,0.9489362289539912
419,alpha_subj(Neutral).1169,0.6318403414152969,0.9528010242441034
420,alpha_subj(Neutral).1172,0.6313408051056906,0.9528759978587156
421,alpha_subj(Neutral).1173,0.6038893383066164,0.9510807768168079
422,alpha_subj(Neutral).1174,0.6123763251053365,0.9448334939791256
423,alpha_subj(Neutral).1175,0.617608660741696,0.9509706816277458
424,alpha_subj(Neutral).1180,0.605757124116086,0.9444757984188383
425,alpha_subj(Neutral).1184,0.6373409441274661,0.9519105052010747
426,alpha_subj(Neutral).1188,0.6333129055269567,0.950571119102643
427,alpha_subj(Neutral).1190,0.6202084706237757,0.9501214919736174
428,alpha_subj(Neutral).1197,0.6413877411653873,0.9519963976800176
429,alpha_subj(Neutral).1199,0.6376408826682413,0.9533893176328317
430,alpha_subj(Neutral).1200,0.6425440292612108,0.952118998844862
431,alpha_subj(Neutral).1201,0.6214269883404318,0.9444575028415985
432,alpha_subj(Neutral).1202,0.6146684192487034,0.945836886829541
433,alpha_subj(Neutral).1203,0.6162776270319156,0.9542811863914792
434,alpha_subj(Neutral).1204,0.6078875698167688,0.9458119183257976
435,alpha_subj(Neutral).1205,0.624160978238333,0.9514185041650602
436,alpha_subj(Neutral).1206,0.6263470361216499,0.9535480915024127
437,alpha_subj(Neutral).1207,0.6163102291309662,0.948539904185392
438,alpha_subj(Neutral).1208,0.6226857195352794,0.9499875481822883
439,alpha_subj(Neutral).1214,0.631566221441493,0.9513412288191982
440,alpha_subj(Neutral).1217,0.6191235540937595,0.949537665388539
441,alpha_subj(Neutral).1218,0.6318387216286453,0.9518615222716004
442,alpha_subj(Neutral).1219,0.5986357435760196,0.9468249750590003
443,alpha_subj(Neutral).1220,0.6138738010065053,0.9443765649219017
444,alpha_subj(Neutral).1222,0.6249185721626156,0.9497075257200149
445,alpha_subj(Neutral).1223,0.6321166136222307,0.9458796642953037
446,alpha_subj(Neutral).1224,0.6234457678807168,0.9496449198963445
447,alpha_subj(Neutral).1225,0.6096564352287533,0.9468126507277398
448,alpha_subj(Neutral).1226,0.6266047631049955,0.9452504183143852
449,alpha_subj(Neutral).1227,0.6224626377650875,0.946381602831332
450,alpha_subj(Neutral).1228,0.6208206743840554,0.9422388028349429
451,alpha_subj(Neutral).1229,0.6194693960403131,0.9479441198419891
452,alpha_subj(Neutral).1230,0.6163453732620838,0.9459446167310639
453,alpha_subj(Neutral).1231,0.6192932248128314,0.9521889984038607
454,alpha_subj(Neutral).1232,0.6082187609912487,0.9475385872408635
455,alpha_subj(Neutral).1237,0.6203731279372381,0.9438674234632608
456,alpha_subj(Neutral).1243,0.6523600075186571,0.9547966059462987
457,alpha_subj(Neutral).1247,0.6250951932991102,0.9524052593989042
458,alpha_subj(Neutral).1249,0.6329832212642974,0.9494968088640587
459,alpha_subj(Stressed).1002,0.6423505088199247,0.9615911480376105
460,alpha_subj(Stressed).1003,0.6491424336928888,0.9628013773963917
461,alpha_subj(Stressed).1004,0.6692310619469407,0.9644219027015313
462,alpha_subj(Stressed).1005,0.6257160684178036,0.961196054809585
463,alpha_subj(Stressed).1006,0.6432916950662302,0.9595293153949128
464,alpha_subj(Stressed).1007,0.6259582582357656,0.9607681817011307
465,alpha_subj(Stressed).1009,0.6333218906992562,0.9597674847184908
466,alpha_subj(Stressed).1011,0.6226222152091224,0.9599259469832269
467,alpha_subj(Stressed).1012,0.6394592520339297,0.9610556432870161
468,alpha_subj(Stressed).1013,0.6483461742403223,0.9613196663722221
469,alpha_subj(Stressed).1015,0.6329202164603379,0.9610720060497698
470,alpha_subj(Stressed).1017,0.6409918674611351,0.9615682393168115
471,alpha_subj(Stressed).1018,0.6424916974877125,0.9606192433196074
472,alpha_subj(Stressed).1019,0.6156315418402625,0.9589131419987464
473,alpha_subj(Stressed).1020,0.6604960403576758,0.9638718734541484
474,alpha_subj(Stressed).1021,0.65837465026692,0.9616738548035106
475,alpha_subj(Stressed).1022,0.6560252158171137,0.9608858270102677
476,alpha_subj(Stressed).1023,0.6430334586345519,0.9604454388684691
477,alpha_subj(Stressed).1024,0.6316531026453971,0.9606442143728996
478,alpha_subj(Stressed).1025,0.6276110936747094,0.961042484907439
479,alpha_subj(Stressed).1026,0.6370422317573623,0.9616255829571921
480,alpha_subj(Stressed).1027,0.6600389267536465,0.963822982588374
481,alpha_subj(Stressed).1028,0.6311915267509393,0.9599775616897952
482,alpha_subj(Stressed).1030,0.6375398731640279,0.9598377341968461
483,alpha_subj(Stressed).1031,0.6240709028314871,0.9589443331424524
484,alpha_subj(Stressed).1032,0.6518064814771335,0.9621160319631273
485,alpha_subj(Stressed).1033,0.6397556607142507,0.9615577401841764
486,alpha_subj(Stressed).1034,0.6639429185100414,0.9621493399312975
487,alpha_subj(Stressed).1035,0.627392164997482,0.960639242765697
488,alpha_subj(Stressed).1036,0.6383496832914584,0.9601215758611555
489,alpha_subj(Stressed).1040,0.6141713560648819,0.9591196290815114
490,alpha_subj(Stressed).1042,0.6135415872178234,0.9608001687905304
491,alpha_subj(Stressed).1043,0.6463802693171994,0.9613391024472165
492,alpha_subj(Stressed).1044,0.6318164985551847,0.9607124637062062
493,alpha_subj(Stressed).1047,0.6405869680579027,0.9607123376784295
494,alpha_subj(Stressed).1048,0.619220057957176,0.9584349206502071
495,alpha_subj(Stressed).1049,0.6341150437663512,0.9597529733251633
496,alpha_subj(Stressed).1050,0.6254498186245157,0.960179492743555
497,alpha_subj(Stressed).1051,0.6200005459981978,0.9595214487530921
498,alpha_subj(Stressed).1052,0.6223484611259114,0.9589956356540358
499,alpha_subj(Stressed).1053,0.6532105347239295,0.9614384490580239
500,alpha_subj(Stressed).1054,0.6316882197199678,0.9595495336993943
501,alpha_subj(Stressed).1056,0.653513872004884,0.9634897598044769
502,alpha_subj(Stressed).1057,0.6233303883864527,0.9571507153375417
503,alpha_subj(Stressed).1058,0.6305845990889755,0.9603187809023187
504,alpha_subj(Stressed).1061,0.6179048495471093,0.9594023458286819
505,alpha_subj(Stressed).1063,0.6517366624778586,0.9612731342783579
506,alpha_subj(Stressed).1065,0.6270052723829384,0.9597217684715545
507,alpha_subj(Stressed).1066,0.6324025919030684,0.9593446397224313
508,alpha_subj(Stressed).1067,0.6384837130256195,0.9596730068245249
509,alpha_subj(Stressed).1069,0.635922734278935,0.9609436871994922
510,alpha_subj(Stressed).1070,0.6591016905393533,0.9629315515965602
511,alpha_subj(Stressed).1071,0.6118517196438746,0.9595909307759296
512,alpha_subj(Stressed).1072,0.6241300382505565,0.9592738482375427
513,alpha_subj(Stressed).1073,0.6336077822290739,0.9591715912484949
514,alpha_subj(Stressed).1074,0.633912004553581,0.9602453581396847
515,alpha_subj(Stressed).1076,0.6361463263728024,0.9594037904733254
516,alpha_subj(Stressed).1077,0.6361493881929641,0.9607116474244987
517,alpha_subj(Stressed).1078,0.6457947522480082,0.9616608769275804
518,alpha_subj(Stressed).1079,0.633090545373569,0.9602520294831128
519,alpha_subj(Stressed).1080,0.6474501032564638,0.9615863501248088
520,alpha_subj(Stressed).1081,0.6450767978945596,0.9616012648344885
521,alpha_subj(Stressed).1083,0.6470668370322485,0.9620883621028841
522,alpha_subj(Stressed).1084,0.601033261928548,0.9577267222669545
523,alpha_subj(Stressed).1087,0.6249319019814907,0.9607416924681211
524,alpha_subj(Stressed).1088,0.6083907766074121,0.9585008559657251
525,alpha_subj(Stressed).1091,0.640840092310601,0.9610631193766349
526,alpha_subj(Stressed).1092,0.6296437699571709,0.959054831208303
527,alpha_subj(Stressed).1093,0.6231806500069522,0.9583730205601514
528,alpha_subj(Stressed).1096,0.6355368126345294,0.9606500869569673
529,alpha_subj(Stressed).1097,0.6407297562075547,0.9618372323783447
530,alpha_subj(Stressed).1099,0.6289705349103565,0.9598676736395081
531,alpha_subj(Stressed).1100,0.6436305517810464,0.9607257995404982
532,alpha_subj(Stressed).1101,0.6366679128015938,0.9614394663469799
533,alpha_subj(Stressed).1102,0.6474902364573872,0.9610015545042149
534,alpha_subj(Stressed).1104,0.6416858308384592,0.9605481935706338
535,alpha_subj(Stressed).1106,0.6415258782813933,0.9616915088752512
536,alpha_subj(Stressed).1107,0.6493936974628377,0.9596052383749044
537,alpha_subj(Stressed).1109,0.6266631539052093,0.9603804272350952
538,alpha_subj(Stressed).1110,0.646818386939336,0.9604458674095572
539,alpha_subj(Stressed).1112,0.6299996172413211,0.959970753350132
540,alpha_subj(Stressed).1114,0.6388783846469993,0.9615910857425355
541,alpha_subj(Stressed).1115,0.6330013230954106,0.9600159592484082
542,alpha_subj(Stressed).1119,0.6238072093927792,0.9585032426836653
543,alpha_subj(Stressed).1123,0.6464673213439712,0.9618813348049772
544,alpha_subj(Stressed).1124,0.659186984880381,0.9635250254154878
545,alpha_subj(Stressed).1125,0.6017995803338309,0.9573285665303299
546,alpha_subj(Stressed).1128,0.6267584965676681,0.9599029497520591
547,alpha_subj(Stressed).1130,0.620384964877979,0.9597736992459145
548,alpha_subj(Stressed).1141,0.6700389934002537,0.9643696166332354
549,alpha_subj(Stressed).1143,0.6250240321334282,0.9609468930287317
550,alpha_subj(Stressed).1144,0.6190740965156267,0.9604801714244047
551,alpha_subj(Stressed).1145,0.6420550235951603,0.960420130221003
552,alpha_subj(Stressed).1147,0.6224811945980426,0.9585398653459128
553,alpha_subj(Stressed).1148,0.6295033608814752,0.9609558363497505
554,alpha_subj(Stressed).1149,0.6410133327819466,0.9619593981403353
555,alpha_subj(Stressed).1151,0.6677146766925323,0.9636052978775161
556,alpha_subj(Stressed).1153,0.6380931668694789,0.9593121724124613
557,alpha_subj(Stressed).1155,0.6428973997904124,0.96082598851005
558,alpha_subj(Stressed).1157,0.6121625707254845,0.9584698085300002
559,alpha_subj(Stressed).1158,0.6418947977379005,0.9613934741714054
560,alpha_subj(Stressed).1159,0.6266079257025534,0.961310962601719
561,alpha_subj(Stressed).1160,0.6060952744453424,0.9590495909955129
562,alpha_subj(Stressed).1161,0.6310334358670086,0.960701603448147
563,alpha_subj(Stressed).1162,0.6370429344823775,0.9602338282621778
564,alpha_subj(Stressed).1163,0.6240869893677214,0.9586899672094049
565,alpha_subj(Stressed).1164,0.6121894378719749,0.9596128114058036
566,alpha_subj(Stressed).1166,0.6281037322579452,0.959001355298029
567,alpha_subj(Stressed).1168,0.6192353556523068,0.9599978473895224
568,alpha_subj(Stressed).1169,0.6689890820429091,0.9649200935582358
569,alpha_subj(Stressed).1172,0.6331383107889536,0.9605570036081765
570,alpha_subj(Stressed).1173,0.6381531735323476,0.9590183487827775
571,alpha_subj(Stressed).1174,0.6378235194805383,0.9603143202534283
572,alpha_subj(Stressed).1175,0.6114610289723649,0.9584482059479688
573,alpha_subj(Stressed).1180,0.6262298910698126,0.960389296655601
574,alpha_subj(Stressed).1184,0.6512092937745799,0.9618155928862255
575,alpha_subj(Stressed).1188,0.617277788669727,0.9594332095461297
576,alpha_subj(Stressed).1190,0.6155709965993171,0.9587970985590945
577,alpha_subj(Stressed).1197,0.6282663766443809,0.9605081349982996
578,alpha_subj(Stressed).1199,0.6283313699185745,0.9616648234907262
579,alpha_subj(Stressed).1200,0.6319606429432757,0.9581412861789208
580,alpha_subj(Stressed).1201,0.6480087025560034,0.9611121456249798
581,alpha_subj(Stressed).1202,0.6362931816524129,0.9602051536964007
582,alpha_subj(Stressed).1203,0.6196951992710114,0.9603809889363182
583,alpha_subj(Stressed).1204,0.6454573783914197,0.9622521453627021
584,alpha_subj(Stressed).1205,0.663089990893467,0.9607077429856677
585,alpha_subj(Stressed).1206,0.6522490794617612,0.9634204411691923
586,alpha_subj(Stressed).1207,0.6200997009070598,0.9599100514845152
587,alpha_subj(Stressed).1208,0.6263840467053313,0.9591614973309991
588,alpha_subj(Stressed).1214,0.6341135191759436,0.9588957173521537
589,alpha_subj(Stressed).1217,0.6337857003947978,0.9586003028505043
590,alpha_subj(Stressed).1218,0.6457212128066141,0.9591326689338596
591,alpha_subj(Stressed).1219,0.6457904571710362,0.9618086909124993
592,alpha_subj(Stressed).1220,0.6550773236509327,0.9613872535350452
593,alpha_subj(Stressed).1222,0.636713579339939,0.9597392977629443
594,alpha_subj(Stressed).1223,0.6263830461964105,0.9592045763231858
595,alpha_subj(Stressed).1224,0.6209010626816103,0.95699726833873
596,alpha_subj(Stressed).1225,0.6401727503684843,0.9616323021583707
597,alpha_subj(Stressed).1226,0.6366528890381967,0.9606046270196297
598,alpha_subj(Stressed).1227,0.6480966203621125,0.9622812107065606
599,alpha_subj(Stressed).1228,0.614259731372686,0.9581065141357028
600,alpha_subj(Stressed).1229,0.6377544263073728,0.9617267383126857
601,alpha_subj(Stressed).1230,0.6265547444629331,0.9588870217215941
602,alpha_subj(Stressed).1231,0.6572645930583302,0.9639318022746255
603,alpha_subj(Stressed).1232,0.6524799049374921,0.9634033429267238
604,alpha_subj(Stressed).1237,0.661425715409105,0.9629461845526628
605,alpha_subj(Stressed).1243,0.6393949191192186,0.9608985092547374
606,alpha_subj(Stressed).1247,0.6223958848087169,0.9603024066199078
607,alpha_subj(Stressed).1249,0.6370770126616625,0.9603171521695897
608,pos_alpha(Neutral),0.06201330226061072,0.056445635936182265
609,pos_alpha(Stressed),0.20618196286339638,0.1965433618071014
610,pos_alpha_std,0.8559871200420197,0.8635285382133318
611,pos_alpha_subj(Neutral).1001,0.04709349812474606,0.04325396418018647
612,pos_alpha_subj(Neutral).1002,0.03919854065620227,0.04082002436728565
613,pos_alpha_subj(Neutral).1003,0.056426881099926246,0.055082531957078726
614,pos_alpha_subj(Neutral).1004,0.03671608259926684,0.031098982177881186
615,pos_alpha_subj(Neutral).1005,0.03153224263071634,0.033103366003224034
616,pos_alpha_subj(Neutral).1006,0.04080128115816225,0.03250673274033774
617,pos_alpha_subj(Neutral).1007,0.07177823921335634,0.058946375904085004
618,pos_alpha_subj(Neutral).1009,0.033846192135285114,0.02623664887210474
619,pos_alpha_subj(Neutral).1011,0.03547428822926788,0.035249836506239675
620,pos_alpha_subj(Neutral).1012,0.0339594461162715,0.03398241664380424
621,pos_alpha_subj(Neutral).1013,0.08458126458366708,0.058981567883001816
622,pos_alpha_subj(Neutral).1015,0.06192714747031433,0.04818031120156943
623,pos_alpha_subj(Neutral).1017,0.07827042782313046,0.061041434404045275
624,pos_alpha_subj(Neutral).1018,0.03837183446767612,0.03849177746550632
625,pos_alpha_subj(Neutral).1019,0.044282648829351734,0.04163525416795866
626,pos_alpha_subj(Neutral).1020,0.08899413096492918,0.08028896090180997
627,pos_alpha_subj(Neutral).1021,0.08030801112556099,0.07266283455896887
628,pos_alpha_subj(Neutral).1022,0.05728608479140296,0.047250340373322194
629,pos_alpha_subj(Neutral).1023,0.03489081741842168,0.03211952485820165
630,pos_alpha_subj(Neutral).1024,0.05744597055171592,0.051591662431698666
631,pos_alpha_subj(Neutral).1025,0.06168520562230191,0.05434235557445265
632,pos_alpha_subj(Neutral).1026,0.0560055538394052,0.05941015673596022
633,pos_alpha_subj(Neutral).1027,0.1228712658275668,0.09592378634441386
634,pos_alpha_subj(Neutral).1028,0.03323061573851495,0.035918857209514
635,pos_alpha_subj(Neutral).1030,0.07240311965297978,0.06107946322210676
636,pos_alpha_subj(Neutral).1031,0.07180455218971112,0.06615177675339941
637,pos_alpha_subj(Neutral).1032,0.03947129745089389,0.03134899313297002
638,pos_alpha_subj(Neutral).1033,0.03466286346134407,0.03363610345097961
639,pos_alpha_subj(Neutral).1034,0.04523120616786791,0.04418934176918675
640,pos_alpha_subj(Neutral).1035,0.034093147204435834,0.035340260203711255
641,pos_alpha_subj(Neutral).1036,0.146595101564153,0.1364711041141717
642,pos_alpha_subj(Neutral).1038,0.12124748754426538,0.10563944560477177
643,pos_alpha_subj(Neutral).1040,0.08761639105708977,0.07436782051355248
644,pos_alpha_subj(Neutral).1042,0.04959933151296345,0.04453299409021466
645,pos_alpha_subj(Neutral).1043,0.10773283142343394,0.08969799020431074
646,pos_alpha_subj(Neutral).1044,0.039025811755815105,0.03507550688833697
647,pos_alpha_subj(Neutral).1047,0.040920015321097646,0.03678278499687501
648,pos_alpha_subj(Neutral).1048,0.033406000842656776,0.03503822987575726
649,pos_alpha_subj(Neutral).1050,0.04569712326428006,0.04352958626467982
650,pos_alpha_subj(Neutral).1051,0.035949630219063035,0.03476548125942474
651,pos_alpha_subj(Neutral).1052,0.034302390922054365,0.033846825538455666
652,pos_alpha_subj(Neutral).1053,0.045430842367567344,0.04468719756618967
653,pos_alpha_subj(Neutral).1054,0.03364039735376633,0.033724255541182545
654,pos_alpha_subj(Neutral).1056,0.033698135380142706,0.03189786995940059
655,pos_alpha_subj(Neutral).1057,0.045365943120083324,0.04248013130870556
656,pos_alpha_subj(Neutral).1058,0.041543502958506597,0.03747244967598289
657,pos_alpha_subj(Neutral).1060,0.04158565412881061,0.041998713205077906
658,pos_alpha_subj(Neutral).1061,0.06680414720694945,0.05599312006851253
659,pos_alpha_subj(Neutral).1063,0.04695574003258693,0.03874753875589539
660,pos_alpha_subj(Neutral).1065,0.03133893263204716,0.03355921177635913
661,pos_alpha_subj(Neutral).1066,0.08991922780188029,0.0772556294082901
662,pos_alpha_subj(Neutral).1067,0.036106940109008945,0.03479790040580253
663,pos_alpha_subj(Neutral).1069,0.19833295835340262,0.1874850699855461
664,pos_alpha_subj(Neutral).1070,0.11443911571172963,0.10500481266174974
665,pos_alpha_subj(Neutral).1071,0.12539116396771582,0.10371651171720903
666,pos_alpha_subj(Neutral).1072,0.053224059232226846,0.05025924903577609
667,pos_alpha_subj(Neutral).1073,0.03192655006194358,0.03279723643806715
668,pos_alpha_subj(Neutral).1074,0.03392284322845168,0.03394854488110374
669,pos_alpha_subj(Neutral).1076,0.06137651615409036,0.0568826303184284
670,pos_alpha_subj(Neutral).1077,0.08484527952204085,0.06878241898047602
671,pos_alpha_subj(Neutral).1078,0.08319202762988095,0.06969648748788022
672,pos_alpha_subj(Neutral).1079,0.061468999616753596,0.04758577579580197
673,pos_alpha_subj(Neutral).1080,0.04608703990331708,0.043572529074390756
674,pos_alpha_subj(Neutral).1081,0.03350796804350037,0.03312620177038207
675,pos_alpha_subj(Neutral).1083,0.06451519841792547,0.05716797489130026
676,pos_alpha_subj(Neutral).1084,0.09272776233293581,0.08165984230684194
677,pos_alpha_subj(Neutral).1087,0.09429177535422933,0.08273659560312663
678,pos_alpha_subj(Neutral).1088,0.033803451518631074,0.03444959682083447
679,pos_alpha_subj(Neutral).1091,0.0738113612633938,0.05781217802281398
680,pos_alpha_subj(Neutral).1092,0.09582341308510088,0.09480867623447242
681,pos_alpha_subj(Neutral).1093,0.12413797266956075,0.10473552546744075
682,pos_alpha_subj(Neutral).1096,0.05113208044931324,0.04885666917200756
683,pos_alpha_subj(Neutral).1097,0.05094148268971877,0.038899387323055166
684,pos_alpha_subj(Neutral).1099,0.07881926065420239,0.06969852168224465
685,pos_alpha_subj(Neutral).1100,0.03970703354304946,0.037450813358650234
686,pos_alpha_subj(Neutral).1101,0.034318754809236754,0.03515891242213176
687,pos_alpha_subj(Neutral).1102,0.037873651360499576,0.036146484860028916
688,pos_alpha_subj(Neutral).1104,0.08642938536825157,0.08482437089765685
689,pos_alpha_subj(Neutral).1106,0.14525258211389633,0.1241040278361533
690,pos_alpha_subj(Neutral).1107,0.13450017492107355,0.1281203810297407
691,pos_alpha_subj(Neutral).1109,0.12940552762289378,0.11864841222853358
692,pos_alpha_subj(Neutral).1110,0.15163137427998954,0.14501465684015447
693,pos_alpha_subj(Neutral).1112,0.0716493124577877,0.06630962534895074
694,pos_alpha_subj(Neutral).1114,0.05070901886878861,0.051012016366241295
695,pos_alpha_subj(Neutral).1115,0.13804924938778929,0.12801502583429164
696,pos_alpha_subj(Neutral).1119,0.22136632336363096,0.2068918220907751
697,pos_alpha_subj(Neutral).1123,0.04628722086189291,0.044559003937845114
698,pos_alpha_subj(Neutral).1124,0.04585976536351578,0.03875865129950716
699,pos_alpha_subj(Neutral).1125,0.03546276740043615,0.03458115691945991
700,pos_alpha_subj(Neutral).1128,0.03214387372669082,0.03465709729091454
701,pos_alpha_subj(Neutral).1129,0.35438941728663537,0.35018864361506086
702,pos_alpha_subj(Neutral).1130,0.04237399328024326,0.041539741077641135
703,pos_alpha_subj(Neutral).1141,0.09743686439985719,0.09239611183054611
704,pos_alpha_subj(Neutral).1143,0.11533922764401179,0.09826210785945999
705,pos_alpha_subj(Neutral).1144,0.036304553101072314,0.03945634271950276
706,pos_alpha_subj(Neutral).1145,0.05323060574486816,0.05107752347223323
707,pos_alpha_subj(Neutral).1147,0.09334419121418953,0.0879904026342794
708,pos_alpha_subj(Neutral).1148,0.05937014981499103,0.04850654753891088
709,pos_alpha_subj(Neutral).1149,0.043026759313797625,0.041339913539521954
710,pos_alpha_subj(Neutral).1151,0.05479536843323593,0.049968410611976724
711,pos_alpha_subj(Neutral).1153,0.09114433198358346,0.08541620063572432
712,pos_alpha_subj(Neutral).1155,0.08078174348395674,0.07386994967260042
713,pos_alpha_subj(Neutral).1157,0.03576000419313269,0.03434935776450478
714,pos_alpha_subj(Neutral).1158,0.04834379326577812,0.04223593159231437
715,pos_alpha_subj(Neutral).1159,0.06025605351940025,0.045216746022263964
716,pos_alpha_subj(Neutral).1160,0.05304972390734401,0.04743049100475563
717,pos_alpha_subj(Neutral).1161,0.1575467696390766,0.14732071776091193
718,pos_alpha_subj(Neutral).1162,0.07039788641552946,0.06430991966538314
719,pos_alpha_subj(Neutral).1163,0.043577750824803606,0.03765687956645987
720,pos_alpha_subj(Neutral).1164,0.0821552239585466,0.07018475892732211
721,pos_alpha_subj(Neutral).1166,0.05232837801451272,0.04837928561471946
722,pos_alpha_subj(Neutral).1168,0.048992611685332935,0.04565535446526594
723,pos_alpha_subj(Neutral).1169,0.06984366212029687,0.06704299275639412
724,pos_alpha_subj(Neutral).1172,0.0377314587363726,0.03624266140817749
725,pos_alpha_subj(Neutral).1173,0.04283666490419079,0.03783354203268158
726,pos_alpha_subj(Neutral).1174,0.0574118849495642,0.04831290886808191
727,pos_alpha_subj(Neutral).1175,0.04871550265310761,0.04248899539261386
728,pos_alpha_subj(Neutral).1180,0.05304643879455549,0.047864239097211395
729,pos_alpha_subj(Neutral).1184,0.060300724023400934,0.05253678186798589
730,pos_alpha_subj(Neutral).1188,0.13510623118728615,0.12959155364184421
731,pos_alpha_subj(Neutral).1190,0.034701422022410625,0.03528132087892517
732,pos_alpha_subj(Neutral).1197,0.12435173514223408,0.11810364605855665
733,pos_alpha_subj(Neutral).1199,0.10822880389685692,0.10478360412630602
734,pos_alpha_subj(Neutral).1200,0.15578179982173493,0.13034004023101256
735,pos_alpha_subj(Neutral).1201,0.09606218391388456,0.0865334544560626
736,pos_alpha_subj(Neutral).1202,0.04252044314070463,0.03936960966148378
737,pos_alpha_subj(Neutral).1203,0.04699240735319652,0.0410007887262118
738,pos_alpha_subj(Neutral).1204,0.03324294353490073,0.034777361459345776
739,pos_alpha_subj(Neutral).1205,0.11041678420469028,0.08306234510695852
740,pos_alpha_subj(Neutral).1206,0.050390941363688296,0.045815950725009054
741,pos_alpha_subj(Neutral).1207,0.038828987443428845,0.03452295147097421
742,pos_alpha_subj(Neutral).1208,0.03344466643411256,0.03559409601123115
743,pos_alpha_subj(Neutral).1214,0.10390676675415399,0.09446862853268657
744,pos_alpha_subj(Neutral).1217,0.03584536314190435,0.03654565746997077
745,pos_alpha_subj(Neutral).1218,0.06447165779180904,0.061093075973769125
746,pos_alpha_subj(Neutral).1219,0.03689397256945717,0.03372880673888786
747,pos_alpha_subj(Neutral).1220,0.06258035981506811,0.05705107013056277
748,pos_alpha_subj(Neutral).1222,0.04626635472526689,0.04151482904270534
749,pos_alpha_subj(Neutral).1223,0.13163152388116878,0.13014853463199594
750,pos_alpha_subj(Neutral).1224,0.07244737488966649,0.05920050373881516
751,pos_alpha_subj(Neutral).1225,0.18491436447704337,0.16753227286230996
752,pos_alpha_subj(Neutral).1226,0.11498247286814851,0.10493253612966476
753,pos_alpha_subj(Neutral).1227,0.07911638098292849,0.06648383576045346
754,pos_alpha_subj(Neutral).1228,0.061509622128258834,0.05430909809214928
755,pos_alpha_subj(Neutral).1229,0.05320287730348153,0.0463222955774514
756,pos_alpha_subj(Neutral).1230,0.031144111297101762,0.029745160780823177
757,pos_alpha_subj(Neutral).1231,0.045998311845388405,0.03482967671057385
758,pos_alpha_subj(Neutral).1232,0.04263507516887527,0.04059617494183273
759,pos_alpha_subj(Neutral).1237,0.07304258722690489,0.06056079095410512
760,pos_alpha_subj(Neutral).1243,0.12645859964994466,0.1052283341623135
761,pos_alpha_subj(Neutral).1247,0.03195457666367692,0.031192283558345496
762,pos_alpha_subj(Neutral).1249,0.10370587287420352,0.09420568683607648
763,pos_alpha_subj(Stressed).1002,0.2943032639759219,0.26663042865528613
764,pos_alpha_subj(Stressed).1003,0.19182589417468332,0.1884158359110736
765,pos_alpha_subj(Stressed).1004,0.2876049002831519,0.26620206316199774
766,pos_alpha_subj(Stressed).1005,0.13209654818923736,0.15161070211121586
767,pos_alpha_subj(Stressed).1006,0.2782589749334523,0.25842867469135794
768,pos_alpha_subj(Stressed).1007,0.17333801710636085,0.15638399117699348
769,pos_alpha_subj(Stressed).1009,0.20775651283262955,0.19729098203459103
770,pos_alpha_subj(Stressed).1011,0.11300138002299552,0.1350164026442764
771,pos_alpha_subj(Stressed).1012,0.18904165124063224,0.17600919660713268
772,pos_alpha_subj(Stressed).1013,0.3006342740407634,0.25242185669401446
773,pos_alpha_subj(Stressed).1015,0.18228667134358087,0.1993044362685198
774,pos_alpha_subj(Stressed).1017,0.14140879515751548,0.1710251938253243
775,pos_alpha_subj(Stressed).1018,0.23829474947200935,0.2071742993022321
776,pos_alpha_subj(Stressed).1019,0.11823882798880601,0.13313425262889933
777,pos_alpha_subj(Stressed).1020,0.34572882809744565,0.30712583671155974
778,pos_alpha_subj(Stressed).1021,0.3631949385508066,0.3171064002172349
779,pos_alpha_subj(Stressed).1022,0.33829138714727275,0.2960448877553829
780,pos_alpha_subj(Stressed).1023,0.27920613755552715,0.26190710573208653
781,pos_alpha_subj(Stressed).1024,0.15745222922090876,0.1685544765877902
782,pos_alpha_subj(Stressed).1025,0.15718036382663306,0.14922573789490864
783,pos_alpha_subj(Stressed).1026,0.12120951569635492,0.14489063349860126
784,pos_alpha_subj(Stressed).1027,0.31821364408520175,0.2818227321151741
785,pos_alpha_subj(Stressed).1028,0.11245894814236142,0.10005042366447103
786,pos_alpha_subj(Stressed).1030,0.17540006867033944,0.1547547609616885
787,pos_alpha_subj(Stressed).1031,0.14870378959076197,0.15119770091365092
788,pos_alpha_subj(Stressed).1032,0.43055972935261133,0.3837301760804204
789,pos_alpha_subj(Stressed).1033,0.12635001619967176,0.15249124385195703
790,pos_alpha_subj(Stressed).1034,0.31632004178743667,0.283402144608244
791,pos_alpha_subj(Stressed).1035,0.18052321720896433,0.19631188272943675
792,pos_alpha_subj(Stressed).1036,0.27084275181953116,0.24501609339818703
793,pos_alpha_subj(Stressed).1040,0.3087187879761739,0.2867251726199505
794,pos_alpha_subj(Stressed).1042,0.11123438775879131,0.12255372507438786
795,pos_alpha_subj(Stressed).1043,0.1271579386592654,0.09242272567744787
796,pos_alpha_subj(Stressed).1044,0.19849166680529245,0.19080799749743413
797,pos_alpha_subj(Stressed).1047,0.19346319352665964,0.17700794896368538
798,pos_alpha_subj(Stressed).1048,0.10372648545434202,0.12516089677812187
799,pos_alpha_subj(Stressed).1049,0.2538887272762589,0.284547972107796
800,pos_alpha_subj(Stressed).1050,0.19832044623045858,0.19347285891403349
801,pos_alpha_subj(Stressed).1051,0.11474442577735813,0.10754884244448744
802,pos_alpha_subj(Stressed).1052,0.12905257422500072,0.15239649263632604
803,pos_alpha_subj(Stressed).1053,0.27677993434540155,0.2264042958147581
804,pos_alpha_subj(Stressed).1054,0.2096289589753405,0.21126533301162012
805,pos_alpha_subj(Stressed).1056,0.4552665278228818,0.4117101727296443
806,pos_alpha_subj(Stressed).1057,0.29306672028778163,0.27075334936854495
807,pos_alpha_subj(Stressed).1058,0.16202533191305513,0.1605746251345384
808,pos_alpha_subj(Stressed).1061,0.0975824585724736,0.0902679803112063
809,pos_alpha_subj(Stressed).1063,0.41332891363273183,0.36412721522584285
810,pos_alpha_subj(Stressed).1065,0.11890658415881203,0.14113218358376914
811,pos_alpha_subj(Stressed).1066,0.20584955325582768,0.18862466064698602
812,pos_alpha_subj(Stressed).1067,0.32321764872534575,0.30908079261313637
813,pos_alpha_subj(Stressed).1069,0.09370445110945347,0.06308904568985403
814,pos_alpha_subj(Stressed).1070,0.19510917145006695,0.18139760143626915
815,pos_alpha_subj(Stressed).1071,0.16109000430536388,0.15002477109882595
816,pos_alpha_subj(Stressed).1072,0.21296618377723533,0.207911883143149
817,pos_alpha_subj(Stressed).1073,0.14805441064232802,0.14808491699761248
818,pos_alpha_subj(Stressed).1074,0.2690481460741253,0.25374470663709364
819,pos_alpha_subj(Stressed).1076,0.20110730855230496,0.18972540286651912
820,pos_alpha_subj(Stressed).1077,0.2749155857035052,0.2680020076950373
821,pos_alpha_subj(Stressed).1078,0.24667418922607132,0.24597389135741812
822,pos_alpha_subj(Stressed).1079,0.1266626357137985,0.12646810078045137
823,pos_alpha_subj(Stressed).1080,0.26826606179161333,0.24471862718168422
824,pos_alpha_subj(Stressed).1081,0.10132891817614997,0.08168654978244747
825,pos_alpha_subj(Stressed).1083,0.08593068451596762,0.05046405275741248
826,pos_alpha_subj(Stressed).1084,0.08438858834419308,0.06617316245680262
827,pos_alpha_subj(Stressed).1087,0.18139401550668638,0.16840741759344438
828,pos_alpha_subj(Stressed).1088,0.11725836519541723,0.09762276494647545
829,pos_alpha_subj(Stressed).1091,0.1615695286438927,0.14514204774392497
830,pos_alpha_subj(Stressed).1092,0.22041501650387257,0.2189018263166069
831,pos_alpha_subj(Stressed).1093,0.19090035210143805,0.17108583250994458
832,pos_alpha_subj(Stressed).1096,0.23142420987622078,0.21172220496825206
833,pos_alpha_subj(Stressed).1097,0.209193003381401,0.20479752018754058
834,pos_alpha_subj(Stressed).1099,0.11466771593238623,0.12169620940993547
835,pos_alpha_subj(Stressed).1100,0.17935488107375622,0.15070059304081776
836,pos_alpha_subj(Stressed).1101,0.1271186691184417,0.12381556104150349
837,pos_alpha_subj(Stressed).1102,0.2950714794220162,0.25890341286002877
838,pos_alpha_subj(Stressed).1104,0.16065208540869297,0.13619005366606537
839,pos_alpha_subj(Stressed).1106,0.20075803412566837,0.213813476631463
840,pos_alpha_subj(Stressed).1107,0.4399782748872797,0.39688404816973694
841,pos_alpha_subj(Stressed).1109,0.11331326751655768,0.10908617245003607
842,pos_alpha_subj(Stressed).1110,0.2934156978037486,0.26286261346344586
843,pos_alpha_subj(Stressed).1112,0.29480367884646724,0.272238218026186
844,pos_alpha_subj(Stressed).1114,0.16097221029267436,0.2002712910701979
845,pos_alpha_subj(Stressed).1115,0.17630032720615976,0.16909391164383752
846,pos_alpha_subj(Stressed).1119,0.3923291593143146,0.3467486644522358
847,pos_alpha_subj(Stressed).1123,0.28561794702488214,0.2768709092709621
848,pos_alpha_subj(Stressed).1124,0.40049840983218404,0.36584554555251236
849,pos_alpha_subj(Stressed).1125,0.10508145997044015,0.1182597647540962
850,pos_alpha_subj(Stressed).1128,0.21188919913856263,0.1909902304196879
851,pos_alpha_subj(Stressed).1130,0.2503440805426438,0.23324345603597124
852,pos_alpha_subj(Stressed).1141,0.24938409379460144,0.24407999624769086
853,pos_alpha_subj(Stressed).1143,0.13967723903109022,0.137983118396851
854,pos_alpha_subj(Stressed).1144,0.111309384959635,0.12074580783647325
855,pos_alpha_subj(Stressed).1145,0.20005501349989555,0.19429099793915347
856,pos_alpha_subj(Stressed).1147,0.37835997769267127,0.3492473226506575
857,pos_alpha_subj(Stressed).1148,0.11287757168713827,0.13583847220552844
858,pos_alpha_subj(Stressed).1149,0.43658316382827445,0.3766520360096004
859,pos_alpha_subj(Stressed).1151,0.352780765304762,0.32214036841088617
860,pos_alpha_subj(Stressed).1153,0.2146703307764445,0.1744602403172151
861,pos_alpha_subj(Stressed).1155,0.16599308899194815,0.15584092560505472
862,pos_alpha_subj(Stressed).1157,0.19632208903235598,0.17969631710266398
863,pos_alpha_subj(Stressed).1158,0.24738289912135725,0.22801521115913267
864,pos_alpha_subj(Stressed).1159,0.15102863787907866,0.14334980690722057
865,pos_alpha_subj(Stressed).1160,0.15260608981921472,0.15760277844946924
866,pos_alpha_subj(Stressed).1161,0.3091987596201165,0.2864219627824143
867,pos_alpha_subj(Stressed).1162,0.29083489573950305,0.2577541094169513
868,pos_alpha_subj(Stressed).1163,0.11517857458090748,0.11752859017556527
869,pos_alpha_subj(Stressed).1164,0.13454472572549211,0.14116865925358163
870,pos_alpha_subj(Stressed).1166,0.2364093361505191,0.2213082183936378
871,pos_alpha_subj(Stressed).1168,0.15689866348646941,0.15047883766824297
872,pos_alpha_subj(Stressed).1169,0.48509130455687893,0.42985537606325724
873,pos_alpha_subj(Stressed).1172,0.19212181088056887,0.16046936765202133
874,pos_alpha_subj(Stressed).1173,0.2547153521016446,0.23804676880715933
875,pos_alpha_subj(Stressed).1174,0.3963687221768657,0.3572292338142466
876,pos_alpha_subj(Stressed).1175,0.13132088988770294,0.1406320005757369
877,pos_alpha_subj(Stressed).1180,0.28739837519663314,0.27337885419013797
878,pos_alpha_subj(Stressed).1184,0.13888819521919732,0.08851492794989607
879,pos_alpha_subj(Stressed).1188,0.11772322787222418,0.1213276103619464
880,pos_alpha_subj(Stressed).1190,0.1361221621805929,0.16125441545230038
881,pos_alpha_subj(Stressed).1197,0.137673371948761,0.17215445745581448
882,pos_alpha_subj(Stressed).1199,0.12388322488159785,0.131468620621684
883,pos_alpha_subj(Stressed).1200,0.4849619408068373,0.42445374318173057
884,pos_alpha_subj(Stressed).1201,0.20925469042364106,0.17947634466557058
885,pos_alpha_subj(Stressed).1202,0.1944541728897101,0.1853642094583783
886,pos_alpha_subj(Stressed).1203,0.09430717490814239,0.07867870564777946
887,pos_alpha_subj(Stressed).1204,0.21890453544332192,0.21784274283131883
888,pos_alpha_subj(Stressed).1205,0.4150296307245466,0.36957423946619894
889,pos_alpha_subj(Stressed).1206,0.27806313937071575,0.24684405822026675
890,pos_alpha_subj(Stressed).1207,0.25277596572712835,0.22848560558023664
891,pos_alpha_subj(Stressed).1208,0.15528325138732466,0.1576143801480395
892,pos_alpha_subj(Stressed).1214,0.13520805412252102,0.11856588645835811
893,pos_alpha_subj(Stressed).1217,0.11783189914432543,0.1291954888693368
894,pos_alpha_subj(Stressed).1218,0.28820208901049493,0.26594800698280746
895,pos_alpha_subj(Stressed).1219,0.33575587908983423,0.3035309894703615
896,pos_alpha_subj(Stressed).1220,0.32926378484474395,0.3065258595279131
897,pos_alpha_subj(Stressed).1222,0.20917204121751667,0.18196660045114812
898,pos_alpha_subj(Stressed).1223,0.2068221760882021,0.1958342351016098
899,pos_alpha_subj(Stressed).1224,0.15902052450361562,0.14715409977904217
900,pos_alpha_subj(Stressed).1225,0.14128139650863475,0.1515127850299178
901,pos_alpha_subj(Stressed).1226,0.3320532116162091,0.28949017343917366
902,pos_alpha_subj(Stressed).1227,0.28427524057856207,0.25913719767681725
903,pos_alpha_subj(Stressed).1228,0.1314883737103468,0.10487263793479862
904,pos_alpha_subj(Stressed).1229,0.19532088623486202,0.17527421683394864
905,pos_alpha_subj(Stressed).1230,0.1812076350733884,0.1480511220260133
906,pos_alpha_subj(Stressed).1231,0.28850367755934864,0.2727635853867193
907,pos_alpha_subj(Stressed).1232,0.19100516865831577,0.1647802503762183
908,pos_alpha_subj(Stressed).1237,0.30739138499446206,0.3061726634762117
909,pos_alpha_subj(Stressed).1243,0.21117206994855534,0.21994631445724538
910,pos_alpha_subj(Stressed).1247,0.16667813902594242,0.17999117312373464
911,pos_alpha_subj(Stressed).1249,0.2955479241512207,0.2677849463632466
